file,line,type,commit,author,date,time,timezone,datetime,depth,length
style.css,1,css,b760158f,tanvi,2026-04-13,13:51:14,-07:00,2026-04-13T13:51:14-07:00,0,112
style.css,2,css,b760158f,tanvi,2026-04-13,13:51:14,-07:00,2026-04-13T13:51:14-07:00,0,0
style.css,3,css,77454cfd,tanvi,2026-04-10,15:00:12,-07:00,2026-04-10T15:00:12-07:00,0,5
style.css,4,css,fd294b37,tanvi,2026-04-16,17:12:50,-07:00,2026-04-16T17:12:50-07:00,1,23
style.css,5,css,b760158f,tanvi,2026-04-13,13:51:14,-07:00,2026-04-13T13:51:14-07:00,1,44
style.css,6,css,77454cfd,tanvi,2026-04-10,15:00:12,-07:00,2026-04-10T15:00:12-07:00,0,0
style.css,7,css,77454cfd,tanvi,2026-04-10,15:00:12,-07:00,2026-04-10T15:00:12-07:00,0,0
style.css,8,css,8ebd9a2f,tanvi,2026-04-03,18:10:54,-07:00,2026-04-03T18:10:54-07:00,0,4
style.css,9,css,8ebd9a2f,tanvi,2026-04-03,18:10:54,-07:00,2026-04-03T18:10:54-07:00,1,43
style.css,10,css,77454cfd,tanvi,2026-04-10,15:00:12,-07:00,2026-04-10T15:00:12-07:00,0,42
style.css,11,css,8ebd9a2f,tanvi,2026-04-03,18:10:54,-07:00,2026-04-03T18:10:54-07:00,0,0
style.css,12,css,6c226b4b,tanvi,2026-04-25,20:25:16,-07:00,2026-04-25T20:25:16-07:00,1,39
style.css,13,css,77454cfd,tanvi,2026-04-10,15:00:12,-07:00,2026-04-10T15:00:12-07:00,1,15
style.css,14,css,77454cfd,tanvi,2026-04-10,15:00:12,-07:00,2026-04-10T15:00:12-07:00,1,18
style.css,15,css,77454cfd,tanvi,2026-04-10,15:00:12,-07:00,2026-04-10T15:00:12-07:00,1,12
style.css,16,css,77454cfd,tanvi,2026-04-10,15:00:12,-07:00,2026-04-10T15:00:12-07:00,1,32
style.css,17,css,fd294b37,tanvi,2026-04-16,17:12:50,-07:00,2026-04-16T17:12:50-07:00,1,45
style.css,18,css,fd294b37,tanvi,2026-04-16,17:12:50,-07:00,2026-04-16T17:12:50-07:00,1,34
style.css,19,css,fd294b37,tanvi,2026-04-16,17:12:50,-07:00,2026-04-16T17:12:50-07:00,1,17
style.css,20,css,77454cfd,tanvi,2026-04-10,15:00:12,-07:00,2026-04-10T15:00:12-07:00,0,0
style.css,21,css,77454cfd,tanvi,2026-04-10,15:00:12,-07:00,2026-04-10T15:00:12-07:00,0,0
style.css,22,css,f713d57b,tanvi,2026-04-25,20:54:04,-07:00,2026-04-25T20:54:04-07:00,0,6
style.css,23,css,f713d57b,tanvi,2026-04-25,20:54:04,-07:00,2026-04-25T20:54:04-07:00,1,12
style.css,24,css,f713d57b,tanvi,2026-04-25,20:54:04,-07:00,2026-04-25T20:54:04-07:00,1,18
style.css,25,css,f713d57b,tanvi,2026-04-25,20:54:04,-07:00,2026-04-25T20:54:04-07:00,1,8
style.css,26,css,f713d57b,tanvi,2026-04-25,20:54:04,-07:00,2026-04-25T20:54:04-07:00,0,0
style.css,27,css,f713d57b,tanvi,2026-04-25,20:54:04,-07:00,2026-04-25T20:54:04-07:00,0,0
style.css,28,css,f713d57b,tanvi,2026-04-25,20:54:04,-07:00,2026-04-25T20:54:04-07:00,0,11
style.css,29,css,f713d57b,tanvi,2026-04-25,20:54:04,-07:00,2026-04-25T20:54:04-07:00,1,6
style.css,30,css,f713d57b,tanvi,2026-04-25,20:54:04,-07:00,2026-04-25T20:54:04-07:00,0,0
style.css,31,css,f713d57b,tanvi,2026-04-25,20:54:04,-07:00,2026-04-25T20:54:04-07:00,0,0
style.css,32,css,f713d57b,tanvi,2026-04-25,20:54:04,-07:00,2026-04-25T20:54:04-07:00,0,10
style.css,33,css,f713d57b,tanvi,2026-04-25,20:54:04,-07:00,2026-04-25T20:54:04-07:00,1,13
style.css,34,css,f713d57b,tanvi,2026-04-25,20:54:04,-07:00,2026-04-25T20:54:04-07:00,0,0
style.css,35,css,f713d57b,tanvi,2026-04-25,20:54:04,-07:00,2026-04-25T20:54:04-07:00,0,0
style.css,36,css,77454cfd,tanvi,2026-04-10,15:00:12,-07:00,2026-04-10T15:00:12-07:00,0,6
style.css,37,css,77454cfd,tanvi,2026-04-10,15:00:12,-07:00,2026-04-10T15:00:12-07:00,1,16
style.css,38,css,77454cfd,tanvi,2026-04-10,15:00:12,-07:00,2026-04-10T15:00:12-07:00,0,0
style.css,39,css,77454cfd,tanvi,2026-04-10,15:00:12,-07:00,2026-04-10T15:00:12-07:00,0,0
style.css,40,css,77454cfd,tanvi,2026-04-10,15:00:12,-07:00,2026-04-10T15:00:12-07:00,0,6
style.css,41,css,77454cfd,tanvi,2026-04-10,15:00:12,-07:00,2026-04-10T15:00:12-07:00,1,16
style.css,42,css,77454cfd,tanvi,2026-04-10,15:00:12,-07:00,2026-04-10T15:00:12-07:00,0,0
style.css,43,css,77454cfd,tanvi,2026-04-10,15:00:12,-07:00,2026-04-10T15:00:12-07:00,0,0
style.css,44,css,77454cfd,tanvi,2026-04-10,15:00:12,-07:00,2026-04-10T15:00:12-07:00,0,3
style.css,45,css,fd294b37,tanvi,2026-04-16,17:12:50,-07:00,2026-04-16T17:12:50-07:00,1,39
style.css,46,css,77454cfd,tanvi,2026-04-10,15:00:12,-07:00,2026-04-10T15:00:12-07:00,1,12
style.css,47,css,77454cfd,tanvi,2026-04-10,15:00:12,-07:00,2026-04-10T15:00:12-07:00,1,17
style.css,48,css,fd294b37,tanvi,2026-04-16,17:12:50,-07:00,2026-04-16T17:12:50-07:00,1,43
style.css,49,css,77454cfd,tanvi,2026-04-10,15:00:12,-07:00,2026-04-10T15:00:12-07:00,0,0
style.css,50,css,77454cfd,tanvi,2026-04-10,15:00:12,-07:00,2026-04-10T15:00:12-07:00,0,0
style.css,51,css,77454cfd,tanvi,2026-04-10,15:00:12,-07:00,2026-04-10T15:00:12-07:00,0,5
style.css,52,css,77454cfd,tanvi,2026-04-10,15:00:12,-07:00,2026-04-10T15:00:12-07:00,1,6
style.css,53,css,77454cfd,tanvi,2026-04-10,15:00:12,-07:00,2026-04-10T15:00:12-07:00,1,20
style.css,54,css,77454cfd,tanvi,2026-04-10,15:00:12,-07:00,2026-04-10T15:00:12-07:00,1,13
style.css,55,css,77454cfd,tanvi,2026-04-10,15:00:12,-07:00,2026-04-10T15:00:12-07:00,1,17
style.css,56,css,77454cfd,tanvi,2026-04-10,15:00:12,-07:00,2026-04-10T15:00:12-07:00,1,13
style.css,57,css,77454cfd,tanvi,2026-04-10,15:00:12,-07:00,2026-04-10T15:00:12-07:00,0,0
style.css,58,css,77454cfd,tanvi,2026-04-10,15:00:12,-07:00,2026-04-10T15:00:12-07:00,0,0
style.css,59,css,77454cfd,tanvi,2026-04-10,15:00:12,-07:00,2026-04-10T15:00:12-07:00,0,13
style.css,60,css,fd294b37,tanvi,2026-04-16,17:12:50,-07:00,2026-04-16T17:12:50-07:00,1,45
style.css,61,css,77454cfd,tanvi,2026-04-10,15:00:12,-07:00,2026-04-10T15:00:12-07:00,1,20
style.css,62,css,77454cfd,tanvi,2026-04-10,15:00:12,-07:00,2026-04-10T15:00:12-07:00,0,0
style.css,63,css,77454cfd,tanvi,2026-04-10,15:00:12,-07:00,2026-04-10T15:00:12-07:00,0,0
style.css,64,css,77454cfd,tanvi,2026-04-10,15:00:12,-07:00,2026-04-10T15:00:12-07:00,0,11
style.css,65,css,77454cfd,tanvi,2026-04-10,15:00:12,-07:00,2026-04-10T15:00:12-07:00,1,45
style.css,66,css,77454cfd,tanvi,2026-04-10,15:00:12,-07:00,2026-04-10T15:00:12-07:00,1,20
style.css,67,css,fd294b37,tanvi,2026-04-16,17:12:50,-07:00,2026-04-16T17:12:50-07:00,1,69
style.css,68,css,77454cfd,tanvi,2026-04-10,15:00:12,-07:00,2026-04-10T15:00:12-07:00,0,0
style.css,69,css,77454cfd,tanvi,2026-04-10,15:00:12,-07:00,2026-04-10T15:00:12-07:00,0,0
style.css,70,css,fd294b37,tanvi,2026-04-16,17:12:50,-07:00,2026-04-16T17:12:50-07:00,0,18
style.css,71,css,fd294b37,tanvi,2026-04-16,17:12:50,-07:00,2026-04-16T17:12:50-07:00,1,17
style.css,72,css,fd294b37,tanvi,2026-04-16,17:12:50,-07:00,2026-04-16T17:12:50-07:00,1,8
style.css,73,css,fd294b37,tanvi,2026-04-16,17:12:50,-07:00,2026-04-16T17:12:50-07:00,1,10
style.css,74,css,fd294b37,tanvi,2026-04-16,17:12:50,-07:00,2026-04-16T17:12:50-07:00,1,13
style.css,75,css,fd294b37,tanvi,2026-04-16,17:12:50,-07:00,2026-04-16T17:12:50-07:00,0,0
style.css,76,css,fd294b37,tanvi,2026-04-16,17:12:50,-07:00,2026-04-16T17:12:50-07:00,0,0
style.css,77,css,fd294b37,tanvi,2026-04-16,17:12:50,-07:00,2026-04-16T17:12:50-07:00,0,31
style.css,78,css,77454cfd,tanvi,2026-04-10,15:00:12,-07:00,2026-04-10T15:00:12-07:00,1,12
style.css,79,css,77454cfd,tanvi,2026-04-10,15:00:12,-07:00,2026-04-10T15:00:12-07:00,0,0
style.css,80,css,77454cfd,tanvi,2026-04-10,15:00:12,-07:00,2026-04-10T15:00:12-07:00,0,0
style.css,81,css,fd294b37,tanvi,2026-04-16,17:12:50,-07:00,2026-04-16T17:12:50-07:00,0,15
style.css,82,css,fd294b37,tanvi,2026-04-16,17:12:50,-07:00,2026-04-16T17:12:50-07:00,1,47
style.css,83,css,fd294b37,tanvi,2026-04-16,17:12:50,-07:00,2026-04-16T17:12:50-07:00,1,17
style.css,84,css,fd294b37,tanvi,2026-04-16,17:12:50,-07:00,2026-04-16T17:12:50-07:00,1,45
style.css,85,css,fd294b37,tanvi,2026-04-16,17:12:50,-07:00,2026-04-16T17:12:50-07:00,1,13
style.css,86,css,fd294b37,tanvi,2026-04-16,17:12:50,-07:00,2026-04-16T17:12:50-07:00,0,0
style.css,87,css,fd294b37,tanvi,2026-04-16,17:12:50,-07:00,2026-04-16T17:12:50-07:00,0,0
style.css,88,css,77454cfd,tanvi,2026-04-10,15:00:12,-07:00,2026-04-10T15:00:12-07:00,0,4
style.css,89,css,77454cfd,tanvi,2026-04-10,15:00:12,-07:00,2026-04-10T15:00:12-07:00,1,12
style.css,90,css,77454cfd,tanvi,2026-04-10,15:00:12,-07:00,2026-04-10T15:00:12-07:00,1,30
style.css,91,css,77454cfd,tanvi,2026-04-10,15:00:12,-07:00,2026-04-10T15:00:12-07:00,1,7
style.css,92,css,77454cfd,tanvi,2026-04-10,15:00:12,-07:00,2026-04-10T15:00:12-07:00,0,0
style.css,93,css,77454cfd,tanvi,2026-04-10,15:00:12,-07:00,2026-04-10T15:00:12-07:00,0,0
style.css,94,css,fd294b37,tanvi,2026-04-16,17:12:50,-07:00,2026-04-16T17:12:50-07:00,0,10
style.css,95,css,77454cfd,tanvi,2026-04-10,15:00:12,-07:00,2026-04-10T15:00:12-07:00,1,12
style.css,96,css,77454cfd,tanvi,2026-04-10,15:00:12,-07:00,2026-04-10T15:00:12-07:00,1,29
style.css,97,css,77454cfd,tanvi,2026-04-10,15:00:12,-07:00,2026-04-10T15:00:12-07:00,1,18
style.css,98,css,77454cfd,tanvi,2026-04-10,15:00:12,-07:00,2026-04-10T15:00:12-07:00,0,0
style.css,99,css,77454cfd,tanvi,2026-04-10,15:00:12,-07:00,2026-04-10T15:00:12-07:00,0,0
style.css,100,css,77454cfd,tanvi,2026-04-10,15:00:12,-07:00,2026-04-10T15:00:12-07:00,0,6
style.css,101,css,77454cfd,tanvi,2026-04-10,15:00:12,-07:00,2026-04-10T15:00:12-07:00,1,18
style.css,102,css,fd294b37,tanvi,2026-04-16,17:12:50,-07:00,2026-04-16T17:12:50-07:00,1,24
style.css,103,css,fd294b37,tanvi,2026-04-16,17:12:50,-07:00,2026-04-16T17:12:50-07:00,1,13
style.css,104,css,fd294b37,tanvi,2026-04-16,17:12:50,-07:00,2026-04-16T17:12:50-07:00,1,24
style.css,105,css,fd294b37,tanvi,2026-04-16,17:12:50,-07:00,2026-04-16T17:12:50-07:00,1,19
style.css,106,css,fd294b37,tanvi,2026-04-16,17:12:50,-07:00,2026-04-16T17:12:50-07:00,1,20
style.css,107,css,fd294b37,tanvi,2026-04-16,17:12:50,-07:00,2026-04-16T17:12:50-07:00,1,14
style.css,108,css,fd294b37,tanvi,2026-04-16,17:12:50,-07:00,2026-04-16T17:12:50-07:00,1,15
style.css,109,css,fd294b37,tanvi,2026-04-16,17:12:50,-07:00,2026-04-16T17:12:50-07:00,1,21
style.css,110,css,fd294b37,tanvi,2026-04-16,17:12:50,-07:00,2026-04-16T17:12:50-07:00,1,48
style.css,111,css,fd294b37,tanvi,2026-04-16,17:12:50,-07:00,2026-04-16T17:12:50-07:00,0,0
style.css,112,css,fd294b37,tanvi,2026-04-16,17:12:50,-07:00,2026-04-16T17:12:50-07:00,0,0
style.css,113,css,fd294b37,tanvi,2026-04-16,17:12:50,-07:00,2026-04-16T17:12:50-07:00,0,12
style.css,114,css,fd294b37,tanvi,2026-04-16,17:12:50,-07:00,2026-04-16T17:12:50-07:00,1,24
style.css,115,css,fd294b37,tanvi,2026-04-16,17:12:50,-07:00,2026-04-16T17:12:50-07:00,1,20
style.css,116,css,fd294b37,tanvi,2026-04-16,17:12:50,-07:00,2026-04-16T17:12:50-07:00,1,26
style.css,117,css,77454cfd,tanvi,2026-04-10,15:00:12,-07:00,2026-04-10T15:00:12-07:00,0,0
style.css,118,css,77454cfd,tanvi,2026-04-10,15:00:12,-07:00,2026-04-10T15:00:12-07:00,0,0
style.css,119,css,77454cfd,tanvi,2026-04-10,15:00:12,-07:00,2026-04-10T15:00:12-07:00,0,22
style.css,120,css,77454cfd,tanvi,2026-04-10,15:00:12,-07:00,2026-04-10T15:00:12-07:00,1,15
style.css,121,css,77454cfd,tanvi,2026-04-10,15:00:12,-07:00,2026-04-10T15:00:12-07:00,1,17
style.css,122,css,77454cfd,tanvi,2026-04-10,15:00:12,-07:00,2026-04-10T15:00:12-07:00,0,0
style.css,123,css,77454cfd,tanvi,2026-04-10,15:00:12,-07:00,2026-04-10T15:00:12-07:00,0,0
style.css,124,css,77454cfd,tanvi,2026-04-10,15:00:12,-07:00,2026-04-10T15:00:12-07:00,0,2
style.css,125,css,77454cfd,tanvi,2026-04-10,15:00:12,-07:00,2026-04-10T15:00:12-07:00,1,14
style.css,126,css,77454cfd,tanvi,2026-04-10,15:00:12,-07:00,2026-04-10T15:00:12-07:00,0,0
style.css,127,css,77454cfd,tanvi,2026-04-10,15:00:12,-07:00,2026-04-10T15:00:12-07:00,0,0
style.css,128,css,77454cfd,tanvi,2026-04-10,15:00:12,-07:00,2026-04-10T15:00:12-07:00,0,9
style.css,129,css,77454cfd,tanvi,2026-04-10,15:00:12,-07:00,2026-04-10T15:00:12-07:00,1,12
style.css,130,css,f713d57b,tanvi,2026-04-25,20:54:04,-07:00,2026-04-25T20:54:04-07:00,1,59
style.css,131,css,f713d57b,tanvi,2026-04-25,20:54:04,-07:00,2026-04-25T20:54:04-07:00,1,9
style.css,132,css,77454cfd,tanvi,2026-04-10,15:00:12,-07:00,2026-04-10T15:00:12-07:00,0,0
style.css,133,css,77454cfd,tanvi,2026-04-10,15:00:12,-07:00,2026-04-10T15:00:12-07:00,0,0
style.css,134,css,77454cfd,tanvi,2026-04-10,15:00:12,-07:00,2026-04-10T15:00:12-07:00,0,17
style.css,135,css,f713d57b,tanvi,2026-04-25,20:54:04,-07:00,2026-04-25T20:54:04-07:00,1,19
style.css,136,css,f713d57b,tanvi,2026-04-25,20:54:04,-07:00,2026-04-25T20:54:04-07:00,1,13
style.css,137,css,f713d57b,tanvi,2026-04-25,20:54:04,-07:00,2026-04-25T20:54:04-07:00,1,12
style.css,138,css,f713d57b,tanvi,2026-04-25,20:54:04,-07:00,2026-04-25T20:54:04-07:00,1,21
style.css,139,css,f713d57b,tanvi,2026-04-25,20:54:04,-07:00,2026-04-25T20:54:04-07:00,1,10
style.css,140,css,f713d57b,tanvi,2026-04-25,20:54:04,-07:00,2026-04-25T20:54:04-07:00,1,11
style.css,141,css,f713d57b,tanvi,2026-04-25,20:54:04,-07:00,2026-04-25T20:54:04-07:00,1,16
style.css,142,css,77454cfd,tanvi,2026-04-10,15:00:12,-07:00,2026-04-10T15:00:12-07:00,0,0
style.css,143,css,77454cfd,tanvi,2026-04-10,15:00:12,-07:00,2026-04-10T15:00:12-07:00,0,0
style.css,144,css,f713d57b,tanvi,2026-04-25,20:54:04,-07:00,2026-04-25T20:54:04-07:00,0,62
style.css,145,css,f713d57b,tanvi,2026-04-25,20:54:04,-07:00,2026-04-25T20:54:04-07:00,0,62
style.css,146,css,f713d57b,tanvi,2026-04-25,20:54:04,-07:00,2026-04-25T20:54:04-07:00,0,62
style.css,147,css,f713d57b,tanvi,2026-04-25,20:54:04,-07:00,2026-04-25T20:54:04-07:00,0,62
style.css,148,css,f713d57b,tanvi,2026-04-25,20:54:04,-07:00,2026-04-25T20:54:04-07:00,0,0
style.css,149,css,77454cfd,tanvi,2026-04-10,15:00:12,-07:00,2026-04-10T15:00:12-07:00,0,12
style.css,150,css,77454cfd,tanvi,2026-04-10,15:00:12,-07:00,2026-04-10T15:00:12-07:00,1,8
style.css,151,css,f713d57b,tanvi,2026-04-25,20:54:04,-07:00,2026-04-25T20:54:04-07:00,1,15
style.css,152,css,f713d57b,tanvi,2026-04-25,20:54:04,-07:00,2026-04-25T20:54:04-07:00,0,0
style.css,153,css,f713d57b,tanvi,2026-04-25,20:54:04,-07:00,2026-04-25T20:54:04-07:00,0,0
style.css,154,css,00000000,Not Committed Yet,2026-05-07,16:27:20,-07:00,2026-05-07T16:27:20-07:00,0,13
style.css,155,css,00000000,Not Committed Yet,2026-05-07,16:27:20,-07:00,2026-05-07T16:27:20-07:00,1,30
style.css,156,css,00000000,Not Committed Yet,2026-05-07,16:27:20,-07:00,2026-05-07T16:27:20-07:00,1,34
style.css,157,css,00000000,Not Committed Yet,2026-05-07,16:27:20,-07:00,2026-05-07T16:27:20-07:00,1,16
style.css,158,css,00000000,Not Committed Yet,2026-05-07,16:27:20,-07:00,2026-05-07T16:27:20-07:00,1,11
style.css,159,css,00000000,Not Committed Yet,2026-05-07,16:27:20,-07:00,2026-05-07T16:27:20-07:00,1,17
style.css,160,css,00000000,Not Committed Yet,2026-05-07,16:27:20,-07:00,2026-05-07T16:27:20-07:00,0,0
style.css,161,css,00000000,Not Committed Yet,2026-05-07,16:27:20,-07:00,2026-05-07T16:27:20-07:00,0,0
style.css,162,css,00000000,Not Committed Yet,2026-05-07,16:27:20,-07:00,2026-05-07T16:27:20-07:00,0,18
style.css,163,css,00000000,Not Committed Yet,2026-05-07,16:27:20,-07:00,2026-05-07T16:27:20-07:00,1,14
style.css,164,css,00000000,Not Committed Yet,2026-05-07,16:27:20,-07:00,2026-05-07T16:27:20-07:00,1,16
style.css,165,css,00000000,Not Committed Yet,2026-05-07,16:27:20,-07:00,2026-05-07T16:27:20-07:00,1,16
style.css,166,css,00000000,Not Committed Yet,2026-05-07,16:27:20,-07:00,2026-05-07T16:27:20-07:00,0,0
style.css,167,css,00000000,Not Committed Yet,2026-05-07,16:27:20,-07:00,2026-05-07T16:27:20-07:00,0,0
style.css,168,css,00000000,Not Committed Yet,2026-05-07,16:27:20,-07:00,2026-05-07T16:27:20-07:00,0,51
style.css,169,css,00000000,Not Committed Yet,2026-05-07,16:27:20,-07:00,2026-05-07T16:27:20-07:00,1,11
style.css,170,css,00000000,Not Committed Yet,2026-05-07,16:27:20,-07:00,2026-05-07T16:27:20-07:00,0,0
style.css,171,css,00000000,Not Committed Yet,2026-05-07,16:27:20,-07:00,2026-05-07T16:27:20-07:00,0,0
style.css,172,css,00000000,Not Committed Yet,2026-05-07,16:27:20,-07:00,2026-05-07T16:27:20-07:00,0,23
style.css,173,css,00000000,Not Committed Yet,2026-05-07,16:27:20,-07:00,2026-05-07T16:27:20-07:00,1,16
style.css,174,css,00000000,Not Committed Yet,2026-05-07,16:27:20,-07:00,2026-05-07T16:27:20-07:00,1,14
style.css,175,css,00000000,Not Committed Yet,2026-05-07,16:27:20,-07:00,2026-05-07T16:27:20-07:00,0,0
style.css,176,css,00000000,Not Committed Yet,2026-05-07,16:27:20,-07:00,2026-05-07T16:27:20-07:00,0,0
style.css,177,css,00000000,Not Committed Yet,2026-05-07,16:27:20,-07:00,2026-05-07T16:27:20-07:00,0,0
style.css,178,css,00000000,Not Committed Yet,2026-05-07,16:27:20,-07:00,2026-05-07T16:27:20-07:00,0,14
style.css,179,css,00000000,Not Committed Yet,2026-05-07,16:27:20,-07:00,2026-05-07T16:27:20-07:00,1,12
style.css,180,css,00000000,Not Committed Yet,2026-05-07,16:27:20,-07:00,2026-05-07T16:27:20-07:00,1,18
style.css,181,css,00000000,Not Committed Yet,2026-05-07,16:27:20,-07:00,2026-05-07T16:27:20-07:00,1,8
style.css,182,css,00000000,Not Committed Yet,2026-05-07,16:27:20,-07:00,2026-05-07T16:27:20-07:00,0,0
style.css,183,css,00000000,Not Committed Yet,2026-05-07,16:27:20,-07:00,2026-05-07T16:27:20-07:00,0,0
style.css,184,css,00000000,Not Committed Yet,2026-05-07,16:27:20,-07:00,2026-05-07T16:27:20-07:00,0,7
style.css,185,css,00000000,Not Committed Yet,2026-05-07,16:27:20,-07:00,2026-05-07T16:27:20-07:00,1,12
style.css,186,css,00000000,Not Committed Yet,2026-05-07,16:27:20,-07:00,2026-05-07T16:27:20-07:00,1,57
style.css,187,css,00000000,Not Committed Yet,2026-05-07,16:27:20,-07:00,2026-05-07T16:27:20-07:00,1,6
style.css,188,css,00000000,Not Committed Yet,2026-05-07,16:27:20,-07:00,2026-05-07T16:27:20-07:00,1,15
style.css,189,css,00000000,Not Committed Yet,2026-05-07,16:27:20,-07:00,2026-05-07T16:27:20-07:00,1,11
style.css,190,css,00000000,Not Committed Yet,2026-05-07,16:27:20,-07:00,2026-05-07T16:27:20-07:00,1,8
style.css,191,css,00000000,Not Committed Yet,2026-05-07,16:27:20,-07:00,2026-05-07T16:27:20-07:00,1,10
style.css,192,css,00000000,Not Committed Yet,2026-05-07,16:27:20,-07:00,2026-05-07T16:27:20-07:00,1,41
style.css,193,css,00000000,Not Committed Yet,2026-05-07,16:27:20,-07:00,2026-05-07T16:27:20-07:00,1,17
style.css,194,css,00000000,Not Committed Yet,2026-05-07,16:27:20,-07:00,2026-05-07T16:27:20-07:00,0,0
style.css,195,css,00000000,Not Committed Yet,2026-05-07,16:27:20,-07:00,2026-05-07T16:27:20-07:00,0,0
style.css,196,css,00000000,Not Committed Yet,2026-05-07,16:27:20,-07:00,2026-05-07T16:27:20-07:00,0,12
style.css,197,css,00000000,Not Committed Yet,2026-05-07,16:27:20,-07:00,2026-05-07T16:27:20-07:00,1,12
style.css,198,css,00000000,Not Committed Yet,2026-05-07,16:27:20,-07:00,2026-05-07T16:27:20-07:00,1,18
style.css,199,css,00000000,Not Committed Yet,2026-05-07,16:27:20,-07:00,2026-05-07T16:27:20-07:00,1,9
style.css,200,css,00000000,Not Committed Yet,2026-05-07,16:27:20,-07:00,2026-05-07T16:27:20-07:00,0,0
style.css,201,css,00000000,Not Committed Yet,2026-05-07,16:27:20,-07:00,2026-05-07T16:27:20-07:00,0,0
style.css,202,css,00000000,Not Committed Yet,2026-05-07,16:27:20,-07:00,2026-05-07T16:27:20-07:00,0,7
style.css,203,css,00000000,Not Committed Yet,2026-05-07,16:27:20,-07:00,2026-05-07T16:27:20-07:00,1,20
style.css,204,css,00000000,Not Committed Yet,2026-05-07,16:27:20,-07:00,2026-05-07T16:27:20-07:00,1,9
style.css,205,css,00000000,Not Committed Yet,2026-05-07,16:27:20,-07:00,2026-05-07T16:27:20-07:00,1,18
style.css,206,css,00000000,Not Committed Yet,2026-05-07,16:27:20,-07:00,2026-05-07T16:27:20-07:00,1,29
style.css,207,css,00000000,Not Committed Yet,2026-05-07,16:27:20,-07:00,2026-05-07T16:27:20-07:00,1,17
style.css,208,css,00000000,Not Committed Yet,2026-05-07,16:27:20,-07:00,2026-05-07T16:27:20-07:00,1,13
style.css,209,css,00000000,Not Committed Yet,2026-05-07,16:27:20,-07:00,2026-05-07T16:27:20-07:00,0,0
style.css,210,css,00000000,Not Committed Yet,2026-05-07,16:27:20,-07:00,2026-05-07T16:27:20-07:00,0,0
style.css,211,css,00000000,Not Committed Yet,2026-05-07,16:27:20,-07:00,2026-05-07T16:27:20-07:00,0,10
style.css,212,css,00000000,Not Committed Yet,2026-05-07,16:27:20,-07:00,2026-05-07T16:27:20-07:00,1,13
style.css,213,css,00000000,Not Committed Yet,2026-05-07,16:27:20,-07:00,2026-05-07T16:27:20-07:00,1,10
style.css,214,css,00000000,Not Committed Yet,2026-05-07,16:27:20,-07:00,2026-05-07T16:27:20-07:00,1,17
style.css,215,css,00000000,Not Committed Yet,2026-05-07,16:27:20,-07:00,2026-05-07T16:27:20-07:00,1,16
style.css,216,css,00000000,Not Committed Yet,2026-05-07,16:27:20,-07:00,2026-05-07T16:27:20-07:00,1,19
style.css,217,css,f713d57b,tanvi,2026-04-25,20:54:04,-07:00,2026-04-25T20:54:04-07:00,0,0
style.css,218,css,f713d57b,tanvi,2026-04-25,20:54:04,-07:00,2026-04-25T20:54:04-07:00,0,0
style.css,219,css,f713d57b,tanvi,2026-04-25,20:54:04,-07:00,2026-04-25T20:54:04-07:00,0,14
style.css,220,css,f713d57b,tanvi,2026-04-25,20:54:04,-07:00,2026-04-25T20:54:04-07:00,1,6
style.css,221,css,f713d57b,tanvi,2026-04-25,20:54:04,-07:00,2026-04-25T20:54:04-07:00,1,12
style.css,222,css,f713d57b,tanvi,2026-04-25,20:54:04,-07:00,2026-04-25T20:54:04-07:00,1,18
style.css,223,css,f713d57b,tanvi,2026-04-25,20:54:04,-07:00,2026-04-25T20:54:04-07:00,1,22
style.css,224,css,f713d57b,tanvi,2026-04-25,20:54:04,-07:00,2026-04-25T20:54:04-07:00,1,15
style.css,225,css,f713d57b,tanvi,2026-04-25,20:54:04,-07:00,2026-04-25T20:54:04-07:00,0,0
style.css,226,css,f713d57b,tanvi,2026-04-25,20:54:04,-07:00,2026-04-25T20:54:04-07:00,0,0
style.css,227,css,f713d57b,tanvi,2026-04-25,20:54:04,-07:00,2026-04-25T20:54:04-07:00,0,18
style.css,228,css,f713d57b,tanvi,2026-04-25,20:54:04,-07:00,2026-04-25T20:54:04-07:00,1,16
style.css,229,css,f713d57b,tanvi,2026-04-25,20:54:04,-07:00,2026-04-25T20:54:04-07:00,1,14
style.css,230,css,f713d57b,tanvi,2026-04-25,20:54:04,-07:00,2026-04-25T20:54:04-07:00,1,18
style.css,231,css,f713d57b,tanvi,2026-04-25,20:54:04,-07:00,2026-04-25T20:54:04-07:00,0,0
style.css,232,css,f713d57b,tanvi,2026-04-25,20:54:04,-07:00,2026-04-25T20:54:04-07:00,0,0
style.css,233,css,f713d57b,tanvi,2026-04-25,20:54:04,-07:00,2026-04-25T20:54:04-07:00,0,12
style.css,234,css,f713d57b,tanvi,2026-04-25,20:54:04,-07:00,2026-04-25T20:54:04-07:00,1,8
style.css,235,css,f713d57b,tanvi,2026-04-25,20:54:04,-07:00,2026-04-25T20:54:04-07:00,1,16
style.css,236,css,f713d57b,tanvi,2026-04-25,20:54:04,-07:00,2026-04-25T20:54:04-07:00,1,12
style.css,237,css,f713d57b,tanvi,2026-04-25,20:54:04,-07:00,2026-04-25T20:54:04-07:00,1,21
style.css,238,css,77454cfd,tanvi,2026-04-10,15:00:12,-07:00,2026-04-10T15:00:12-07:00,0,0
style.css,239,css,77454cfd,tanvi,2026-04-10,15:00:12,-07:00,2026-04-10T15:00:12-07:00,0,0
style.css,240,css,77454cfd,tanvi,2026-04-10,15:00:12,-07:00,2026-04-10T15:00:12-07:00,0,1
style.css,241,css,b760158f,tanvi,2026-04-13,13:51:14,-07:00,2026-04-13T13:51:14-07:00,1,36
style.css,242,css,77454cfd,tanvi,2026-04-10,15:00:12,-07:00,2026-04-10T15:00:12-07:00,0,0
style.css,243,css,77454cfd,tanvi,2026-04-10,15:00:12,-07:00,2026-04-10T15:00:12-07:00,0,0
style.css,244,css,77454cfd,tanvi,2026-04-10,15:00:12,-07:00,2026-04-10T15:00:12-07:00,0,7
style.css,245,css,b760158f,tanvi,2026-04-13,13:51:14,-07:00,2026-04-13T13:51:14-07:00,1,36
style.css,246,css,77454cfd,tanvi,2026-04-10,15:00:12,-07:00,2026-04-10T15:00:12-07:00,0,0
style.css,247,css,77454cfd,tanvi,2026-04-10,15:00:12,-07:00,2026-04-10T15:00:12-07:00,0,0
style.css,248,css,6c226b4b,tanvi,2026-04-25,20:25:16,-07:00,2026-04-25T20:25:16-07:00,0,17
style.css,249,css,6c226b4b,tanvi,2026-04-25,20:25:16,-07:00,2026-04-25T20:25:16-07:00,1,12
style.css,250,css,6c226b4b,tanvi,2026-04-25,20:25:16,-07:00,2026-04-25T20:25:16-07:00,1,36
style.css,251,css,6c226b4b,tanvi,2026-04-25,20:25:16,-07:00,2026-04-25T20:25:16-07:00,1,13
style.css,252,css,6c226b4b,tanvi,2026-04-25,20:25:16,-07:00,2026-04-25T20:25:16-07:00,1,8
style.css,253,css,6c226b4b,tanvi,2026-04-25,20:25:16,-07:00,2026-04-25T20:25:16-07:00,0,0
style.css,254,css,6c226b4b,tanvi,2026-04-25,20:25:16,-07:00,2026-04-25T20:25:16-07:00,0,0
style.css,255,css,6c226b4b,tanvi,2026-04-25,20:25:16,-07:00,2026-04-25T20:25:16-07:00,0,17
style.css,256,css,6c226b4b,tanvi,2026-04-25,20:25:16,-07:00,2026-04-25T20:25:16-07:00,1,10
style.css,257,css,6c226b4b,tanvi,2026-04-25,20:25:16,-07:00,2026-04-25T20:25:16-07:00,1,15
style.css,258,css,6c226b4b,tanvi,2026-04-25,20:25:16,-07:00,2026-04-25T20:25:16-07:00,1,13
style.css,259,css,6c226b4b,tanvi,2026-04-25,20:25:16,-07:00,2026-04-25T20:25:16-07:00,1,50
style.css,260,css,6c226b4b,tanvi,2026-04-25,20:25:16,-07:00,2026-04-25T20:25:16-07:00,1,24
style.css,261,css,6c226b4b,tanvi,2026-04-25,20:25:16,-07:00,2026-04-25T20:25:16-07:00,1,21
style.css,262,css,6c226b4b,tanvi,2026-04-25,20:25:16,-07:00,2026-04-25T20:25:16-07:00,0,0
style.css,263,css,6c226b4b,tanvi,2026-04-25,20:25:16,-07:00,2026-04-25T20:25:16-07:00,0,0
style.css,264,css,6c226b4b,tanvi,2026-04-25,20:25:16,-07:00,2026-04-25T20:25:16-07:00,0,17
style.css,265,css,6c226b4b,tanvi,2026-04-25,20:25:16,-07:00,2026-04-25T20:25:16-07:00,1,10
style.css,266,css,6c226b4b,tanvi,2026-04-25,20:25:16,-07:00,2026-04-25T20:25:16-07:00,1,8
style.css,267,css,6c226b4b,tanvi,2026-04-25,20:25:16,-07:00,2026-04-25T20:25:16-07:00,1,14
style.css,268,css,6c226b4b,tanvi,2026-04-25,20:25:16,-07:00,2026-04-25T20:25:16-07:00,1,15
style.css,269,css,6c226b4b,tanvi,2026-04-25,20:25:16,-07:00,2026-04-25T20:25:16-07:00,0,0
style.css,270,css,6c226b4b,tanvi,2026-04-25,20:25:16,-07:00,2026-04-25T20:25:16-07:00,0,0
style.css,271,css,77454cfd,tanvi,2026-04-10,15:00:12,-07:00,2026-04-10T15:00:12-07:00,0,7
style.css,272,css,77454cfd,tanvi,2026-04-10,15:00:12,-07:00,2026-04-10T15:00:12-07:00,1,19
style.css,273,css,77454cfd,tanvi,2026-04-10,15:00:12,-07:00,2026-04-10T15:00:12-07:00,0,0
style.css,274,css,77454cfd,tanvi,2026-04-10,15:00:12,-07:00,2026-04-10T15:00:12-07:00,0,0
style.css,275,css,77454cfd,tanvi,2026-04-10,15:00:12,-07:00,2026-04-10T15:00:12-07:00,0,10
style.css,276,css,fd294b37,tanvi,2026-04-16,17:12:50,-07:00,2026-04-16T17:12:50-07:00,1,48
style.css,277,css,77454cfd,tanvi,2026-04-10,15:00:12,-07:00,2026-04-10T15:00:12-07:00,1,20
style.css,278,css,77454cfd,tanvi,2026-04-10,15:00:12,-07:00,2026-04-10T15:00:12-07:00,0,0
style.css,279,css,77454cfd,tanvi,2026-04-10,15:00:12,-07:00,2026-04-10T15:00:12-07:00,0,0
style.css,280,css,77454cfd,tanvi,2026-04-10,15:00:12,-07:00,2026-04-10T15:00:12-07:00,0,10
style.css,281,css,77454cfd,tanvi,2026-04-10,15:00:12,-07:00,2026-04-10T15:00:12-07:00,1,19
style.css,282,css,77454cfd,tanvi,2026-04-10,15:00:12,-07:00,2026-04-10T15:00:12-07:00,0,0
style.css,283,css,77454cfd,tanvi,2026-04-10,15:00:12,-07:00,2026-04-10T15:00:12-07:00,0,0
style.css,284,css,fd294b37,tanvi,2026-04-16,17:12:50,-07:00,2026-04-16T17:12:50-07:00,0,4
style.css,285,css,fd294b37,tanvi,2026-04-16,17:12:50,-07:00,2026-04-16T17:12:50-07:00,1,25
style.css,286,css,fd294b37,tanvi,2026-04-16,17:12:50,-07:00,2026-04-16T17:12:50-07:00,0,0
style.css,287,css,fd294b37,tanvi,2026-04-16,17:12:50,-07:00,2026-04-16T17:12:50-07:00,0,0
style.css,288,css,77454cfd,tanvi,2026-04-10,15:00:12,-07:00,2026-04-10T15:00:12-07:00,0,4
style.css,289,css,77454cfd,tanvi,2026-04-10,15:00:12,-07:00,2026-04-10T15:00:12-07:00,1,18
style.css,290,css,fd294b37,tanvi,2026-04-16,17:12:50,-07:00,2026-04-16T17:12:50-07:00,1,50
style.css,291,css,77454cfd,tanvi,2026-04-10,15:00:12,-07:00,2026-04-10T15:00:12-07:00,0,0
style.css,292,css,77454cfd,tanvi,2026-04-10,15:00:12,-07:00,2026-04-10T15:00:12-07:00,0,0
style.css,293,css,77454cfd,tanvi,2026-04-10,15:00:12,-07:00,2026-04-10T15:00:12-07:00,0,10
style.css,294,css,77454cfd,tanvi,2026-04-10,15:00:12,-07:00,2026-04-10T15:00:12-07:00,1,19
style.css,295,css,b760158f,tanvi,2026-04-13,13:51:14,-07:00,2026-04-13T13:51:14-07:00,0,0
index.js,1,js,6c226b4b,tanvi,2026-04-25,20:25:16,-07:00,2026-04-25T20:25:16-07:00,0,71
index.js,2,js,6c226b4b,tanvi,2026-04-25,20:25:16,-07:00,2026-04-25T20:25:16-07:00,0,0
index.js,3,js,6c226b4b,tanvi,2026-04-25,20:25:16,-07:00,2026-04-25T20:25:16-07:00,0,54
index.js,4,js,6c226b4b,tanvi,2026-04-25,20:25:16,-07:00,2026-04-25T20:25:16-07:00,0,42
index.js,5,js,6c226b4b,tanvi,2026-04-25,20:25:16,-07:00,2026-04-25T20:25:16-07:00,0,0
index.js,6,js,6c226b4b,tanvi,2026-04-25,20:25:16,-07:00,2026-04-25T20:25:16-07:00,0,60
index.js,7,js,6c226b4b,tanvi,2026-04-25,20:25:16,-07:00,2026-04-25T20:25:16-07:00,0,0
index.js,8,js,6c226b4b,tanvi,2026-04-25,20:25:16,-07:00,2026-04-25T20:25:16-07:00,0,54
index.js,9,js,6c226b4b,tanvi,2026-04-25,20:25:16,-07:00,2026-04-25T20:25:16-07:00,0,0
index.js,10,js,6c226b4b,tanvi,2026-04-25,20:25:16,-07:00,2026-04-25T20:25:16-07:00,0,55
index.js,11,js,6c226b4b,tanvi,2026-04-25,20:25:16,-07:00,2026-04-25T20:25:16-07:00,0,0
index.js,12,js,6c226b4b,tanvi,2026-04-25,20:25:16,-07:00,2026-04-25T20:25:16-07:00,0,60
index.js,13,js,f713d57b,tanvi,2026-04-25,20:54:04,-07:00,2026-04-25T20:54:04-07:00,0,31
index.js,14,js,6c226b4b,tanvi,2026-04-25,20:25:16,-07:00,2026-04-25T20:25:16-07:00,1,24
index.js,15,js,6c226b4b,tanvi,2026-04-25,20:25:16,-07:00,2026-04-25T20:25:16-07:00,2,2
index.js,16,js,6c226b4b,tanvi,2026-04-25,20:25:16,-07:00,2026-04-25T20:25:16-07:00,3,55
index.js,17,js,6c226b4b,tanvi,2026-04-25,20:25:16,-07:00,2026-04-25T20:25:16-07:00,3,55
index.js,18,js,6c226b4b,tanvi,2026-04-25,20:25:16,-07:00,2026-04-25T20:25:16-07:00,3,49
index.js,19,js,6c226b4b,tanvi,2026-04-25,20:25:16,-07:00,2026-04-25T20:25:16-07:00,3,49
index.js,20,js,6c226b4b,tanvi,2026-04-25,20:25:16,-07:00,2026-04-25T20:25:16-07:00,2,3
index.js,21,js,6c226b4b,tanvi,2026-04-25,20:25:16,-07:00,2026-04-25T20:25:16-07:00,1,0
index.js,22,js,6c226b4b,tanvi,2026-04-25,20:25:16,-07:00,2026-04-25T20:25:16-07:00,0,0
index.html,1,html,8ebd9a2f,tanvi,2026-04-03,18:10:54,-07:00,2026-04-03T18:10:54-07:00,0,38
index.html,2,html,8ebd9a2f,tanvi,2026-04-03,18:10:54,-07:00,2026-04-03T18:10:54-07:00,0,0
index.html,3,html,e4f09573,tanvi,2026-04-03,17:35:18,-07:00,2026-04-03T17:35:18-07:00,0,13
index.html,4,html,d0fccb98,tanvi,2026-04-03,19:24:36,-07:00,2026-04-03T19:24:36-07:00,0,14
index.html,5,html,e4f09573,tanvi,2026-04-03,17:35:18,-07:00,2026-04-03T17:35:18-07:00,0,4
index.html,6,html,e4f09573,tanvi,2026-04-03,17:35:18,-07:00,2026-04-03T17:35:18-07:00,2,20
index.html,7,html,e4f09573,tanvi,2026-04-03,17:35:18,-07:00,2026-04-03T17:35:18-07:00,2,68
index.html,8,html,e4f09573,tanvi,2026-04-03,17:35:18,-07:00,2026-04-03T17:35:18-07:00,2,53
index.html,9,html,6c226b4b,tanvi,2026-04-25,20:25:16,-07:00,2026-04-25T20:25:16-07:00,2,45
index.html,10,html,6c226b4b,tanvi,2026-04-25,20:25:16,-07:00,2026-04-25T20:25:16-07:00,2,50
index.html,11,html,e4f09573,tanvi,2026-04-03,17:35:18,-07:00,2026-04-03T17:35:18-07:00,0,5
index.html,12,html,e4f09573,tanvi,2026-04-03,17:35:18,-07:00,2026-04-03T17:35:18-07:00,0,4
index.html,13,html,f713d57b,tanvi,2026-04-25,20:54:04,-07:00,2026-04-25T20:54:04-07:00,2,17
index.html,14,html,f713d57b,tanvi,2026-04-25,20:54:04,-07:00,2026-04-25T20:54:04-07:00,3,22
index.html,15,html,f713d57b,tanvi,2026-04-25,20:54:04,-07:00,2026-04-25T20:54:04-07:00,4,21
index.html,16,html,f713d57b,tanvi,2026-04-25,20:54:04,-07:00,2026-04-25T20:54:04-07:00,4,537
index.html,17,html,f713d57b,tanvi,2026-04-25,20:54:04,-07:00,2026-04-25T20:54:04-07:00,3,4
index.html,18,html,f713d57b,tanvi,2026-04-25,20:54:04,-07:00,2026-04-25T20:54:04-07:00,3,63
index.html,19,html,f713d57b,tanvi,2026-04-25,20:54:04,-07:00,2026-04-25T20:54:04-07:00,2,4
index.html,20,html,6c226b4b,tanvi,2026-04-25,20:25:16,-07:00,2026-04-25T20:25:16-07:00,2,19
index.html,21,html,6c226b4b,tanvi,2026-04-25,20:25:16,-07:00,2026-04-25T20:25:16-07:00,2,28
index.html,22,html,6c226b4b,tanvi,2026-04-25,20:25:16,-07:00,2026-04-25T20:25:16-07:00,0,0
index.html,23,html,6c226b4b,tanvi,2026-04-25,20:25:16,-07:00,2026-04-25T20:25:16-07:00,2,22
index.html,24,html,6c226b4b,tanvi,2026-04-25,20:25:16,-07:00,2026-04-25T20:25:16-07:00,2,26
index.html,25,html,e4f09573,tanvi,2026-04-03,17:35:18,-07:00,2026-04-03T17:35:18-07:00,0,5
index.html,26,html,77454cfd,tanvi,2026-04-10,15:00:12,-07:00,2026-04-10T15:00:12-07:00,0,5
global.js,1,js,fd294b37,tanvi,2026-04-16,17:12:50,-07:00,2026-04-16T17:12:50-07:00,0,26
global.js,2,js,fd294b37,tanvi,2026-04-16,17:12:50,-07:00,2026-04-16T17:12:50-07:00,0,0
global.js,3,js,fd294b37,tanvi,2026-04-16,17:12:50,-07:00,2026-04-16T17:12:50-07:00,0,41
global.js,4,js,fd294b37,tanvi,2026-04-16,17:12:50,-07:00,2026-04-16T17:12:50-07:00,1,52
global.js,5,js,fd294b37,tanvi,2026-04-16,17:12:50,-07:00,2026-04-16T17:12:50-07:00,0,0
global.js,6,js,fd294b37,tanvi,2026-04-16,17:12:50,-07:00,2026-04-16T17:12:50-07:00,0,0
global.js,7,js,fd294b37,tanvi,2026-04-16,17:12:50,-07:00,2026-04-16T17:12:50-07:00,0,30
global.js,8,js,fd294b37,tanvi,2026-04-16,17:12:50,-07:00,2026-04-16T17:12:50-07:00,0,28
global.js,9,js,fd294b37,tanvi,2026-04-16,17:12:50,-07:00,2026-04-16T17:12:50-07:00,0,33
global.js,10,js,fd294b37,tanvi,2026-04-16,17:12:50,-07:00,2026-04-16T17:12:50-07:00,0,71
global.js,11,js,fd294b37,tanvi,2026-04-16,17:12:50,-07:00,2026-04-16T17:12:50-07:00,0,3
global.js,12,js,fd294b37,tanvi,2026-04-16,17:12:50,-07:00,2026-04-16T17:12:50-07:00,0,39
global.js,13,js,fd294b37,tanvi,2026-04-16,17:12:50,-07:00,2026-04-16T17:12:50-07:00,0,0
global.js,14,js,fd294b37,tanvi,2026-04-16,17:12:50,-07:00,2026-04-16T17:12:50-07:00,0,34
global.js,15,js,fd294b37,tanvi,2026-04-16,17:12:50,-07:00,2026-04-16T17:12:50-07:00,0,0
global.js,16,js,fd294b37,tanvi,2026-04-16,17:12:50,-07:00,2026-04-16T17:12:50-07:00,0,12
global.js,17,js,fd294b37,tanvi,2026-04-16,17:12:50,-07:00,2026-04-16T17:12:50-07:00,0,75
global.js,18,js,fd294b37,tanvi,2026-04-16,17:12:50,-07:00,2026-04-16T17:12:50-07:00,1,17
global.js,19,js,fd294b37,tanvi,2026-04-16,17:12:50,-07:00,2026-04-16T17:12:50-07:00,1,14
global.js,20,js,fd294b37,tanvi,2026-04-16,17:12:50,-07:00,2026-04-16T17:12:50-07:00,0,38
global.js,21,js,fd294b37,tanvi,2026-04-16,17:12:50,-07:00,2026-04-16T17:12:50-07:00,1,57
global.js,22,js,fd294b37,tanvi,2026-04-16,17:12:50,-07:00,2026-04-16T17:12:50-07:00,1,47
global.js,23,js,fd294b37,tanvi,2026-04-16,17:12:50,-07:00,2026-04-16T17:12:50-07:00,1,61
global.js,24,js,fd294b37,tanvi,2026-04-16,17:12:50,-07:00,2026-04-16T17:12:50-07:00,2,32
global.js,25,js,fd294b37,tanvi,2026-04-16,17:12:50,-07:00,2026-04-16T17:12:50-07:00,1,0
global.js,26,js,fd294b37,tanvi,2026-04-16,17:12:50,-07:00,2026-04-16T17:12:50-07:00,1,14
global.js,27,js,fd294b37,tanvi,2026-04-16,17:12:50,-07:00,2026-04-16T17:12:50-07:00,0,6
global.js,28,js,fd294b37,tanvi,2026-04-16,17:12:50,-07:00,2026-04-16T17:12:50-07:00,1,13
global.js,29,js,fd294b37,tanvi,2026-04-16,17:12:50,-07:00,2026-04-16T17:12:50-07:00,1,24
global.js,30,js,fd294b37,tanvi,2026-04-16,17:12:50,-07:00,2026-04-16T17:12:50-07:00,0,0
global.js,31,js,fd294b37,tanvi,2026-04-16,17:12:50,-07:00,2026-04-16T17:12:50-07:00,0,0
global.js,32,js,fd294b37,tanvi,2026-04-16,17:12:50,-07:00,2026-04-16T17:12:50-07:00,0,11
global.js,33,js,fd294b37,tanvi,2026-04-16,17:12:50,-07:00,2026-04-16T17:12:50-07:00,1,25
global.js,34,js,fd294b37,tanvi,2026-04-16,17:12:50,-07:00,2026-04-16T17:12:50-07:00,1,38
global.js,35,js,fd294b37,tanvi,2026-04-16,17:12:50,-07:00,2026-04-16T17:12:50-07:00,1,36
global.js,36,js,fd294b37,tanvi,2026-04-16,17:12:50,-07:00,2026-04-16T17:12:50-07:00,1,34
global.js,37,js,00000000,Not Committed Yet,2026-05-07,16:27:20,-07:00,2026-05-07T16:27:20-07:00,1,30
global.js,38,js,fd294b37,tanvi,2026-04-16,17:12:50,-07:00,2026-04-16T17:12:50-07:00,1,58
global.js,39,js,fd294b37,tanvi,2026-04-16,17:12:50,-07:00,2026-04-16T17:12:50-07:00,0,0
global.js,40,js,fd294b37,tanvi,2026-04-16,17:12:50,-07:00,2026-04-16T17:12:50-07:00,0,0
global.js,41,js,fd294b37,tanvi,2026-04-16,17:12:50,-07:00,2026-04-16T17:12:50-07:00,0,31
global.js,42,js,fd294b37,tanvi,2026-04-16,17:12:50,-07:00,2026-04-16T17:12:50-07:00,1,11
global.js,43,js,fd294b37,tanvi,2026-04-16,17:12:50,-07:00,2026-04-16T17:12:50-07:00,1,27
global.js,44,js,fd294b37,tanvi,2026-04-16,17:12:50,-07:00,2026-04-16T17:12:50-07:00,2,4
global.js,45,js,fd294b37,tanvi,2026-04-16,17:12:50,-07:00,2026-04-16T17:12:50-07:00,2,6
global.js,46,js,fd294b37,tanvi,2026-04-16,17:12:50,-07:00,2026-04-16T17:12:50-07:00,3,43
global.js,47,js,fd294b37,tanvi,2026-04-16,17:12:50,-07:00,2026-04-16T17:12:50-07:00,3,34
global.js,48,js,fd294b37,tanvi,2026-04-16,17:12:50,-07:00,2026-04-16T17:12:50-07:00,3,32
global.js,49,js,fd294b37,tanvi,2026-04-16,17:12:50,-07:00,2026-04-16T17:12:50-07:00,2,7
global.js,50,js,fd294b37,tanvi,2026-04-16,17:12:50,-07:00,2026-04-16T17:12:50-07:00,1,8
global.js,51,js,fd294b37,tanvi,2026-04-16,17:12:50,-07:00,2026-04-16T17:12:50-07:00,0,0
global.js,52,js,fd294b37,tanvi,2026-04-16,17:12:50,-07:00,2026-04-16T17:12:50-07:00,0,0
global.js,53,js,fd294b37,tanvi,2026-04-16,17:12:50,-07:00,2026-04-16T17:12:50-07:00,0,60
global.js,54,js,fd294b37,tanvi,2026-04-16,17:12:50,-07:00,2026-04-16T17:12:50-07:00,0,0
global.js,55,js,fd294b37,tanvi,2026-04-16,17:12:50,-07:00,2026-04-16T17:12:50-07:00,0,36
global.js,56,js,fd294b37,tanvi,2026-04-16,17:12:50,-07:00,2026-04-16T17:12:50-07:00,1,70
global.js,57,js,fd294b37,tanvi,2026-04-16,17:12:50,-07:00,2026-04-16T17:12:50-07:00,1,25
global.js,58,js,fd294b37,tanvi,2026-04-16,17:12:50,-07:00,2026-04-16T17:12:50-07:00,0,0
global.js,59,js,fd294b37,tanvi,2026-04-16,17:12:50,-07:00,2026-04-16T17:12:50-07:00,0,0
global.js,60,js,fd294b37,tanvi,2026-04-16,17:12:50,-07:00,2026-04-16T17:12:50-07:00,0,34
global.js,61,js,fd294b37,tanvi,2026-04-16,17:12:50,-07:00,2026-04-16T17:12:50-07:00,1,39
global.js,62,js,fd294b37,tanvi,2026-04-16,17:12:50,-07:00,2026-04-16T17:12:50-07:00,0,0
global.js,63,js,fd294b37,tanvi,2026-04-16,17:12:50,-07:00,2026-04-16T17:12:50-07:00,0,0
global.js,64,js,fd294b37,tanvi,2026-04-16,17:12:50,-07:00,2026-04-16T17:12:50-07:00,0,43
global.js,65,js,fd294b37,tanvi,2026-04-16,17:12:50,-07:00,2026-04-16T17:12:50-07:00,1,44
global.js,66,js,fd294b37,tanvi,2026-04-16,17:12:50,-07:00,2026-04-16T17:12:50-07:00,1,33
global.js,67,js,fd294b37,tanvi,2026-04-16,17:12:50,-07:00,2026-04-16T17:12:50-07:00,0,1
global.js,68,js,fd294b37,tanvi,2026-04-16,17:12:50,-07:00,2026-04-16T17:12:50-07:00,0,0
global.js,69,js,fd294b37,tanvi,2026-04-16,17:12:50,-07:00,2026-04-16T17:12:50-07:00,0,38
global.js,70,js,fd294b37,tanvi,2026-04-16,17:12:50,-07:00,2026-04-16T17:12:50-07:00,0,25
global.js,71,js,fd294b37,tanvi,2026-04-16,17:12:50,-07:00,2026-04-16T17:12:50-07:00,0,0
global.js,72,js,fd294b37,tanvi,2026-04-16,17:12:50,-07:00,2026-04-16T17:12:50-07:00,0,28
global.js,73,js,fd294b37,tanvi,2026-04-16,17:12:50,-07:00,2026-04-16T17:12:50-07:00,0,42
global.js,74,js,fd294b37,tanvi,2026-04-16,17:12:50,-07:00,2026-04-16T17:12:50-07:00,0,43
global.js,75,js,fd294b37,tanvi,2026-04-16,17:12:50,-07:00,2026-04-16T17:12:50-07:00,1,21
global.js,76,js,fd294b37,tanvi,2026-04-16,17:12:50,-07:00,2026-04-16T17:12:50-07:00,1,30
global.js,77,js,fd294b37,tanvi,2026-04-16,17:12:50,-07:00,2026-04-16T17:12:50-07:00,1,16
global.js,78,js,fd294b37,tanvi,2026-04-16,17:12:50,-07:00,2026-04-16T17:12:50-07:00,1,31
global.js,79,js,fd294b37,tanvi,2026-04-16,17:12:50,-07:00,2026-04-16T17:12:50-07:00,2,50
global.js,80,js,fd294b37,tanvi,2026-04-16,17:12:50,-07:00,2026-04-16T17:12:50-07:00,1,0
global.js,81,js,fd294b37,tanvi,2026-04-16,17:12:50,-07:00,2026-04-16T17:12:50-07:00,1,51
global.js,82,js,fd294b37,tanvi,2026-04-16,17:12:50,-07:00,2026-04-16T17:12:50-07:00,0,1
global.js,83,js,fd294b37,tanvi,2026-04-16,17:12:50,-07:00,2026-04-16T17:12:50-07:00,0,0
global.js,84,js,fd294b37,tanvi,2026-04-16,17:12:50,-07:00,2026-04-16T17:12:50-07:00,0,73
global.js,85,js,fd294b37,tanvi,2026-04-16,17:12:50,-07:00,2026-04-16T17:12:50-07:00,0,27
global.js,86,js,fd294b37,tanvi,2026-04-16,17:12:50,-07:00,2026-04-16T17:12:50-07:00,1,59
global.js,87,js,fd294b37,tanvi,2026-04-16,17:12:50,-07:00,2026-04-16T17:12:50-07:00,0,0
global.js,88,js,fd294b37,tanvi,2026-04-16,17:12:50,-07:00,2026-04-16T17:12:50-07:00,0,0
global.js,89,js,fd294b37,tanvi,2026-04-16,17:12:50,-07:00,2026-04-16T17:12:50-07:00,0,20
global.js,90,js,fd294b37,tanvi,2026-04-16,17:12:50,-07:00,2026-04-16T17:12:50-07:00,1,14
global.js,91,js,fd294b37,tanvi,2026-04-16,17:12:50,-07:00,2026-04-16T17:12:50-07:00,1,18
global.js,92,js,fd294b37,tanvi,2026-04-16,17:12:50,-07:00,2026-04-16T17:12:50-07:00,0,0
global.js,93,js,fd294b37,tanvi,2026-04-16,17:12:50,-07:00,2026-04-16T17:12:50-07:00,1,52
global.js,94,js,fd294b37,tanvi,2026-04-16,17:12:50,-07:00,2026-04-16T17:12:50-07:00,0,0
global.js,95,js,fd294b37,tanvi,2026-04-16,17:12:50,-07:00,2026-04-16T17:12:50-07:00,1,34
global.js,96,js,fd294b37,tanvi,2026-04-16,17:12:50,-07:00,2026-04-16T17:12:50-07:00,1,11
global.js,97,js,fd294b37,tanvi,2026-04-16,17:12:50,-07:00,2026-04-16T17:12:50-07:00,1,20
global.js,98,js,fd294b37,tanvi,2026-04-16,17:12:50,-07:00,2026-04-16T17:12:50-07:00,0,0
global.js,99,js,fd294b37,tanvi,2026-04-16,17:12:50,-07:00,2026-04-16T17:12:50-07:00,1,82
global.js,100,js,fd294b37,tanvi,2026-04-16,17:12:50,-07:00,2026-04-16T17:12:50-07:00,0,0
global.js,101,js,fd294b37,tanvi,2026-04-16,17:12:50,-07:00,2026-04-16T17:12:50-07:00,1,65
global.js,102,js,fd294b37,tanvi,2026-04-16,17:12:50,-07:00,2026-04-16T17:12:50-07:00,2,18
global.js,103,js,fd294b37,tanvi,2026-04-16,17:12:50,-07:00,2026-04-16T17:12:50-07:00,1,0
global.js,104,js,fd294b37,tanvi,2026-04-16,17:12:50,-07:00,2026-04-16T17:12:50-07:00,0,0
global.js,105,js,fd294b37,tanvi,2026-04-16,17:12:50,-07:00,2026-04-16T17:12:50-07:00,1,12
global.js,106,js,fd294b37,tanvi,2026-04-16,17:12:50,-07:00,2026-04-16T17:12:50-07:00,0,0
global.js,107,js,6c226b4b,tanvi,2026-04-25,20:25:16,-07:00,2026-04-25T20:25:16-07:00,0,0
global.js,108,js,6c226b4b,tanvi,2026-04-25,20:25:16,-07:00,2026-04-25T20:25:16-07:00,0,78
global.js,109,js,6c226b4b,tanvi,2026-04-25,20:25:16,-07:00,2026-04-25T20:25:16-07:00,1,30
global.js,110,js,6c226b4b,tanvi,2026-04-25,20:25:16,-07:00,2026-04-25T20:25:16-07:00,1,24
global.js,111,js,6c226b4b,tanvi,2026-04-25,20:25:16,-07:00,2026-04-25T20:25:16-07:00,2,48
global.js,112,js,6c226b4b,tanvi,2026-04-25,20:25:16,-07:00,2026-04-25T20:25:16-07:00,2,19
global.js,113,js,f713d57b,tanvi,2026-04-25,20:54:04,-07:00,2026-04-25T20:54:04-07:00,3,25
global.js,114,js,f713d57b,tanvi,2026-04-25,20:54:04,-07:00,2026-04-25T20:54:04-07:00,4,37
global.js,115,js,f713d57b,tanvi,2026-04-25,20:54:04,-07:00,2026-04-25T20:54:04-07:00,3,4
global.js,116,js,f713d57b,tanvi,2026-04-25,20:54:04,-07:00,2026-04-25T20:54:04-07:00,3,21
global.js,117,js,f713d57b,tanvi,2026-04-25,20:54:04,-07:00,2026-04-25T20:54:04-07:00,4,43
global.js,118,js,00000000,Not Committed Yet,2026-05-07,16:27:20,-07:00,2026-05-07T16:27:20-07:00,4,3
global.js,119,js,00000000,Not Committed Yet,2026-05-07,16:27:20,-07:00,2026-05-07T16:27:20-07:00,5,21
global.js,120,js,00000000,Not Committed Yet,2026-05-07,16:27:20,-07:00,2026-05-07T16:27:20-07:00,5,47
global.js,121,js,00000000,Not Committed Yet,2026-05-07,16:27:20,-07:00,2026-05-07T16:27:20-07:00,4,4
global.js,122,js,f713d57b,tanvi,2026-04-25,20:54:04,-07:00,2026-04-25T20:54:04-07:00,3,4
global.js,123,js,6c226b4b,tanvi,2026-04-25,20:25:16,-07:00,2026-04-25T20:25:16-07:00,2,0
global.js,124,js,6c226b4b,tanvi,2026-04-25,20:25:16,-07:00,2026-04-25T20:25:16-07:00,2,36
global.js,125,js,6c226b4b,tanvi,2026-04-25,20:25:16,-07:00,2026-04-25T20:25:16-07:00,1,0
global.js,126,js,6c226b4b,tanvi,2026-04-25,20:25:16,-07:00,2026-04-25T20:25:16-07:00,0,0
global.js,127,js,6c226b4b,tanvi,2026-04-25,20:25:16,-07:00,2026-04-25T20:25:16-07:00,0,0
global.js,128,js,6c226b4b,tanvi,2026-04-25,20:25:16,-07:00,2026-04-25T20:25:16-07:00,0,47
global.js,129,js,6c226b4b,tanvi,2026-04-25,20:25:16,-07:00,2026-04-25T20:25:16-07:00,1,59
global.js,130,js,6c226b4b,tanvi,2026-04-25,20:25:16,-07:00,2026-04-25T20:25:16-07:00,0,0
global.js,131,js,6c226b4b,tanvi,2026-04-25,20:25:16,-07:00,2026-04-25T20:25:16-07:00,0,0
global.js,132,js,6c226b4b,tanvi,2026-04-25,20:25:16,-07:00,2026-04-25T20:25:16-07:00,0,36
global.js,133,js,6c226b4b,tanvi,2026-04-25,20:25:16,-07:00,2026-04-25T20:25:16-07:00,1,3
global.js,134,js,6c226b4b,tanvi,2026-04-25,20:25:16,-07:00,2026-04-25T20:25:16-07:00,2,39
global.js,135,js,6c226b4b,tanvi,2026-04-25,20:25:16,-07:00,2026-04-25T20:25:16-07:00,2,32
global.js,136,js,6c226b4b,tanvi,2026-04-25,20:25:16,-07:00,2026-04-25T20:25:16-07:00,2,17
global.js,137,js,6c226b4b,tanvi,2026-04-25,20:25:16,-07:00,2026-04-25T20:25:16-07:00,3,66
global.js,138,js,6c226b4b,tanvi,2026-04-25,20:25:16,-07:00,2026-04-25T20:25:16-07:00,2,0
global.js,139,js,6c226b4b,tanvi,2026-04-25,20:25:16,-07:00,2026-04-25T20:25:16-07:00,2,33
global.js,140,js,6c226b4b,tanvi,2026-04-25,20:25:16,-07:00,2026-04-25T20:25:16-07:00,2,10
global.js,141,js,6c226b4b,tanvi,2026-04-25,20:25:16,-07:00,2026-04-25T20:25:16-07:00,1,0
global.js,142,js,6c226b4b,tanvi,2026-04-25,20:25:16,-07:00,2026-04-25T20:25:16-07:00,1,13
global.js,143,js,6c226b4b,tanvi,2026-04-25,20:25:16,-07:00,2026-04-25T20:25:16-07:00,2,59
global.js,144,js,6c226b4b,tanvi,2026-04-25,20:25:16,-07:00,2026-04-25T20:25:16-07:00,1,0
global.js,145,js,6c226b4b,tanvi,2026-04-25,20:25:16,-07:00,2026-04-25T20:25:16-07:00,0,0
resume/index.html,1,html,d0fccb98,tanvi,2026-04-03,19:24:36,-07:00,2026-04-03T19:24:36-07:00,0,41
resume/index.html,2,html,d0fccb98,tanvi,2026-04-03,19:24:36,-07:00,2026-04-03T19:24:36-07:00,0,0
resume/index.html,3,html,d0fccb98,tanvi,2026-04-03,19:24:36,-07:00,2026-04-03T19:24:36-07:00,0,13
resume/index.html,4,html,d0fccb98,tanvi,2026-04-03,19:24:36,-07:00,2026-04-03T19:24:36-07:00,0,14
resume/index.html,5,html,d0fccb98,tanvi,2026-04-03,19:24:36,-07:00,2026-04-03T19:24:36-07:00,0,4
resume/index.html,6,html,d0fccb98,tanvi,2026-04-03,19:24:36,-07:00,2026-04-03T19:24:36-07:00,2,20
resume/index.html,7,html,d0fccb98,tanvi,2026-04-03,19:24:36,-07:00,2026-04-03T19:24:36-07:00,2,68
resume/index.html,8,html,d0fccb98,tanvi,2026-04-03,19:24:36,-07:00,2026-04-03T19:24:36-07:00,2,21
resume/index.html,9,html,acab6623,tanvi,2026-04-25,20:56:40,-07:00,2026-04-25T20:56:40-07:00,2,48
resume/index.html,10,html,d0fccb98,tanvi,2026-04-03,19:24:36,-07:00,2026-04-03T19:24:36-07:00,0,5
resume/index.html,11,html,d0fccb98,tanvi,2026-04-03,19:24:36,-07:00,2026-04-03T19:24:36-07:00,0,4
resume/index.html,12,html,d0fccb98,tanvi,2026-04-03,19:24:36,-07:00,2026-04-03T19:24:36-07:00,2,13
resume/index.html,13,html,d0fccb98,tanvi,2026-04-03,19:24:36,-07:00,2026-04-03T19:24:36-07:00,2,7
resume/index.html,14,html,d0fccb98,tanvi,2026-04-03,19:24:36,-07:00,2026-04-03T19:24:36-07:00,4,16
resume/index.html,15,html,fd294b37,tanvi,2026-04-16,17:12:50,-07:00,2026-04-16T17:12:50-07:00,4,42
resume/index.html,16,html,fd294b37,tanvi,2026-04-16,17:12:50,-07:00,2026-04-16T17:12:50-07:00,4,120
resume/index.html,17,html,d0fccb98,tanvi,2026-04-03,19:24:36,-07:00,2026-04-03T19:24:36-07:00,4,229
resume/index.html,18,html,d0fccb98,tanvi,2026-04-03,19:24:36,-07:00,2026-04-03T19:24:36-07:00,2,8
resume/index.html,19,html,d0fccb98,tanvi,2026-04-03,19:24:36,-07:00,2026-04-03T19:24:36-07:00,2,7
resume/index.html,20,html,d0fccb98,tanvi,2026-04-03,19:24:36,-07:00,2026-04-03T19:24:36-07:00,4,17
resume/index.html,21,html,fd294b37,tanvi,2026-04-16,17:12:50,-07:00,2026-04-16T17:12:50-07:00,6,84
resume/index.html,22,html,d0fccb98,tanvi,2026-04-03,19:24:36,-07:00,2026-04-03T19:24:36-07:00,8,237
resume/index.html,23,html,d0fccb98,tanvi,2026-04-03,19:24:36,-07:00,2026-04-03T19:24:36-07:00,8,202
resume/index.html,24,html,fd294b37,tanvi,2026-04-16,17:12:50,-07:00,2026-04-16T17:12:50-07:00,6,135
resume/index.html,25,html,d0fccb98,tanvi,2026-04-03,19:24:36,-07:00,2026-04-03T19:24:36-07:00,8,199
resume/index.html,26,html,d0fccb98,tanvi,2026-04-03,19:24:36,-07:00,2026-04-03T19:24:36-07:00,8,174
resume/index.html,27,html,fd294b37,tanvi,2026-04-16,17:12:50,-07:00,2026-04-16T17:12:50-07:00,6,107
resume/index.html,28,html,d0fccb98,tanvi,2026-04-03,19:24:36,-07:00,2026-04-03T19:24:36-07:00,8,242
resume/index.html,29,html,d0fccb98,tanvi,2026-04-03,19:24:36,-07:00,2026-04-03T19:24:36-07:00,8,196
resume/index.html,30,html,d0fccb98,tanvi,2026-04-03,19:24:36,-07:00,2026-04-03T19:24:36-07:00,8,146
resume/index.html,31,html,fd294b37,tanvi,2026-04-16,17:12:50,-07:00,2026-04-16T17:12:50-07:00,6,108
resume/index.html,32,html,d0fccb98,tanvi,2026-04-03,19:24:36,-07:00,2026-04-03T19:24:36-07:00,8,233
resume/index.html,33,html,d0fccb98,tanvi,2026-04-03,19:24:36,-07:00,2026-04-03T19:24:36-07:00,8,145
resume/index.html,34,html,d0fccb98,tanvi,2026-04-03,19:24:36,-07:00,2026-04-03T19:24:36-07:00,4,1
resume/index.html,35,html,d0fccb98,tanvi,2026-04-03,19:24:36,-07:00,2026-04-03T19:24:36-07:00,2,7
resume/index.html,36,html,d0fccb98,tanvi,2026-04-03,19:24:36,-07:00,2026-04-03T19:24:36-07:00,6,15
resume/index.html,37,html,fd294b37,tanvi,2026-04-16,17:12:50,-07:00,2026-04-16T17:12:50-07:00,8,133
resume/index.html,38,html,d0fccb98,tanvi,2026-04-03,19:24:36,-07:00,2026-04-03T19:24:36-07:00,10,244
resume/index.html,39,html,fd294b37,tanvi,2026-04-16,17:12:50,-07:00,2026-04-16T17:12:50-07:00,8,144
resume/index.html,40,html,d0fccb98,tanvi,2026-04-03,19:24:36,-07:00,2026-04-03T19:24:36-07:00,10,170
resume/index.html,41,html,d0fccb98,tanvi,2026-04-03,19:24:36,-07:00,2026-04-03T19:24:36-07:00,4,8
resume/index.html,42,html,d0fccb98,tanvi,2026-04-03,19:24:36,-07:00,2026-04-03T19:24:36-07:00,4,7
resume/index.html,43,html,d0fccb98,tanvi,2026-04-03,19:24:36,-07:00,2026-04-03T19:24:36-07:00,6,15
resume/index.html,44,html,d0fccb98,tanvi,2026-04-03,19:24:36,-07:00,2026-04-03T19:24:36-07:00,8,82
resume/index.html,45,html,d0fccb98,tanvi,2026-04-03,19:24:36,-07:00,2026-04-03T19:24:36-07:00,10,235
resume/index.html,46,html,d0fccb98,tanvi,2026-04-03,19:24:36,-07:00,2026-04-03T19:24:36-07:00,8,114
resume/index.html,47,html,d0fccb98,tanvi,2026-04-03,19:24:36,-07:00,2026-04-03T19:24:36-07:00,10,241
resume/index.html,48,html,d0fccb98,tanvi,2026-04-03,19:24:36,-07:00,2026-04-03T19:24:36-07:00,4,8
resume/index.html,49,html,d0fccb98,tanvi,2026-04-03,19:24:36,-07:00,2026-04-03T19:24:36-07:00,4,7
resume/index.html,50,html,d0fccb98,tanvi,2026-04-03,19:24:36,-07:00,2026-04-03T19:24:36-07:00,6,13
resume/index.html,51,html,d0fccb98,tanvi,2026-04-03,19:24:36,-07:00,2026-04-03T19:24:36-07:00,8,128
resume/index.html,52,html,d0fccb98,tanvi,2026-04-03,19:24:36,-07:00,2026-04-03T19:24:36-07:00,8,84
resume/index.html,53,html,d0fccb98,tanvi,2026-04-03,19:24:36,-07:00,2026-04-03T19:24:36-07:00,8,133
resume/index.html,54,html,d0fccb98,tanvi,2026-04-03,19:24:36,-07:00,2026-04-03T19:24:36-07:00,8,82
resume/index.html,55,html,b760158f,tanvi,2026-04-13,13:51:14,-07:00,2026-04-13T13:51:14-07:00,4,8
resume/index.html,56,html,b760158f,tanvi,2026-04-13,13:51:14,-07:00,2026-04-13T13:51:14-07:00,0,5
resume/index.html,57,html,b760158f,tanvi,2026-04-13,13:51:14,-07:00,2026-04-13T13:51:14-07:00,0,5
projects/projects.js,1,js,6c226b4b,tanvi,2026-04-25,20:25:16,-07:00,2026-04-25T20:25:16-07:00,0,55
projects/projects.js,2,js,00000000,Not Committed Yet,2026-05-07,16:27:20,-07:00,2026-05-07T16:27:20-07:00,0,63
projects/projects.js,3,js,6c226b4b,tanvi,2026-04-25,20:25:16,-07:00,2026-04-25T20:25:16-07:00,0,0
projects/projects.js,4,js,6c226b4b,tanvi,2026-04-25,20:25:16,-07:00,2026-04-25T20:25:16-07:00,0,55
projects/projects.js,5,js,6c226b4b,tanvi,2026-04-25,20:25:16,-07:00,2026-04-25T20:25:16-07:00,0,60
projects/projects.js,6,js,6c226b4b,tanvi,2026-04-25,20:25:16,-07:00,2026-04-25T20:25:16-07:00,0,0
projects/projects.js,7,js,6c226b4b,tanvi,2026-04-25,20:25:16,-07:00,2026-04-25T20:25:16-07:00,0,62
projects/projects.js,8,js,6c226b4b,tanvi,2026-04-25,20:25:16,-07:00,2026-04-25T20:25:16-07:00,0,61
projects/projects.js,9,js,00000000,Not Committed Yet,2026-05-07,16:27:20,-07:00,2026-05-07T16:27:20-07:00,0,0
projects/projects.js,10,js,00000000,Not Committed Yet,2026-05-07,16:27:20,-07:00,2026-05-07T16:27:20-07:00,0,13
projects/projects.js,11,js,00000000,Not Committed Yet,2026-05-07,16:27:20,-07:00,2026-05-07T16:27:20-07:00,0,21
projects/projects.js,12,js,00000000,Not Committed Yet,2026-05-07,16:27:20,-07:00,2026-05-07T16:27:20-07:00,0,0
projects/projects.js,13,js,00000000,Not Committed Yet,2026-05-07,16:27:20,-07:00,2026-05-07T16:27:20-07:00,0,59
projects/projects.js,14,js,00000000,Not Committed Yet,2026-05-07,16:27:20,-07:00,2026-05-07T16:27:20-07:00,0,30
projects/projects.js,15,js,00000000,Not Committed Yet,2026-05-07,16:27:20,-07:00,2026-05-07T16:27:20-07:00,1,8
projects/projects.js,16,js,00000000,Not Committed Yet,2026-05-07,16:27:20,-07:00,2026-05-07T16:27:20-07:00,1,8
projects/projects.js,17,js,00000000,Not Committed Yet,2026-05-07,16:27:20,-07:00,2026-05-07T16:27:20-07:00,1,8
projects/projects.js,18,js,00000000,Not Committed Yet,2026-05-07,16:27:20,-07:00,2026-05-07T16:27:20-07:00,1,8
projects/projects.js,19,js,00000000,Not Committed Yet,2026-05-07,16:27:20,-07:00,2026-05-07T16:27:20-07:00,1,8
projects/projects.js,20,js,00000000,Not Committed Yet,2026-05-07,16:27:20,-07:00,2026-05-07T16:27:20-07:00,1,8
projects/projects.js,21,js,00000000,Not Committed Yet,2026-05-07,16:27:20,-07:00,2026-05-07T16:27:20-07:00,1,8
projects/projects.js,22,js,00000000,Not Committed Yet,2026-05-07,16:27:20,-07:00,2026-05-07T16:27:20-07:00,0,1
projects/projects.js,23,js,00000000,Not Committed Yet,2026-05-07,16:27:20,-07:00,2026-05-07T16:27:20-07:00,0,0
projects/projects.js,24,js,00000000,Not Committed Yet,2026-05-07,16:27:20,-07:00,2026-05-07T16:27:20-07:00,0,38
projects/projects.js,25,js,00000000,Not Committed Yet,2026-05-07,16:27:20,-07:00,2026-05-07T16:27:20-07:00,1,17
projects/projects.js,26,js,00000000,Not Committed Yet,2026-05-07,16:27:20,-07:00,2026-05-07T16:27:20-07:00,0,0
projects/projects.js,27,js,00000000,Not Committed Yet,2026-05-07,16:27:20,-07:00,2026-05-07T16:27:20-07:00,1,75
projects/projects.js,28,js,00000000,Not Committed Yet,2026-05-07,16:27:20,-07:00,2026-05-07T16:27:20-07:00,1,78
projects/projects.js,29,js,00000000,Not Committed Yet,2026-05-07,16:27:20,-07:00,2026-05-07T16:27:20-07:00,0,0
projects/projects.js,30,js,00000000,Not Committed Yet,2026-05-07,16:27:20,-07:00,2026-05-07T16:27:20-07:00,1,52
projects/projects.js,31,js,00000000,Not Committed Yet,2026-05-07,16:27:20,-07:00,2026-05-07T16:27:20-07:00,1,35
projects/projects.js,32,js,00000000,Not Committed Yet,2026-05-07,16:27:20,-07:00,2026-05-07T16:27:20-07:00,1,47
projects/projects.js,33,js,00000000,Not Committed Yet,2026-05-07,16:27:20,-07:00,2026-05-07T16:27:20-07:00,0,0
projects/projects.js,34,js,00000000,Not Committed Yet,2026-05-07,16:27:20,-07:00,2026-05-07T16:27:20-07:00,1,42
projects/projects.js,35,js,00000000,Not Committed Yet,2026-05-07,16:27:20,-07:00,2026-05-07T16:27:20-07:00,1,29
projects/projects.js,36,js,00000000,Not Committed Yet,2026-05-07,16:27:20,-07:00,2026-05-07T16:27:20-07:00,0,0
projects/projects.js,37,js,00000000,Not Committed Yet,2026-05-07,16:27:20,-07:00,2026-05-07T16:27:20-07:00,1,34
projects/projects.js,38,js,00000000,Not Committed Yet,2026-05-07,16:27:20,-07:00,2026-05-07T16:27:20-07:00,1,30
projects/projects.js,39,js,00000000,Not Committed Yet,2026-05-07,16:27:20,-07:00,2026-05-07T16:27:20-07:00,0,0
projects/projects.js,40,js,00000000,Not Committed Yet,2026-05-07,16:27:20,-07:00,2026-05-07T16:27:20-07:00,1,24
projects/projects.js,41,js,00000000,Not Committed Yet,2026-05-07,16:27:20,-07:00,2026-05-07T16:27:20-07:00,2,1
projects/projects.js,42,js,00000000,Not Committed Yet,2026-05-07,16:27:20,-07:00,2026-05-07T16:27:20-07:00,3,13
projects/projects.js,43,js,00000000,Not Committed Yet,2026-05-07,16:27:20,-07:00,2026-05-07T16:27:20-07:00,3,13
projects/projects.js,44,js,00000000,Not Committed Yet,2026-05-07,16:27:20,-07:00,2026-05-07T16:27:20-07:00,3,22
projects/projects.js,45,js,00000000,Not Committed Yet,2026-05-07,16:27:20,-07:00,2026-05-07T16:27:20-07:00,3,18
projects/projects.js,46,js,00000000,Not Committed Yet,2026-05-07,16:27:20,-07:00,2026-05-07T16:27:20-07:00,4,43
projects/projects.js,47,js,00000000,Not Committed Yet,2026-05-07,16:27:20,-07:00,2026-05-07T16:27:20-07:00,0,0
projects/projects.js,48,js,00000000,Not Committed Yet,2026-05-07,16:27:20,-07:00,2026-05-07T16:27:20-07:00,4,19
projects/projects.js,49,js,00000000,Not Committed Yet,2026-05-07,16:27:20,-07:00,2026-05-07T16:27:20-07:00,5,67
projects/projects.js,50,js,00000000,Not Committed Yet,2026-05-07,16:27:20,-07:00,2026-05-07T16:27:20-07:00,5,25
projects/projects.js,51,js,00000000,Not Committed Yet,2026-05-07,16:27:20,-07:00,2026-05-07T16:27:20-07:00,6,23
projects/projects.js,52,js,00000000,Not Committed Yet,2026-05-07,16:27:20,-07:00,2026-05-07T16:27:20-07:00,6,75
projects/projects.js,53,js,00000000,Not Committed Yet,2026-05-07,16:27:20,-07:00,2026-05-07T16:27:20-07:00,5,1
projects/projects.js,54,js,00000000,Not Committed Yet,2026-05-07,16:27:20,-07:00,2026-05-07T16:27:20-07:00,4,20
projects/projects.js,55,js,00000000,Not Committed Yet,2026-05-07,16:27:20,-07:00,2026-05-07T16:27:20-07:00,5,90
projects/projects.js,56,js,00000000,Not Committed Yet,2026-05-07,16:27:20,-07:00,2026-05-07T16:27:20-07:00,5,26
projects/projects.js,57,js,00000000,Not Committed Yet,2026-05-07,16:27:20,-07:00,2026-05-07T16:27:20-07:00,6,23
projects/projects.js,58,js,00000000,Not Committed Yet,2026-05-07,16:27:20,-07:00,2026-05-07T16:27:20-07:00,6,78
projects/projects.js,59,js,00000000,Not Committed Yet,2026-05-07,16:27:20,-07:00,2026-05-07T16:27:20-07:00,6,20
projects/projects.js,60,js,00000000,Not Committed Yet,2026-05-07,16:27:20,-07:00,2026-05-07T16:27:20-07:00,5,1
projects/projects.js,61,js,00000000,Not Committed Yet,2026-05-07,16:27:20,-07:00,2026-05-07T16:27:20-07:00,0,0
projects/projects.js,62,js,00000000,Not Committed Yet,2026-05-07,16:27:20,-07:00,2026-05-07T16:27:20-07:00,4,25
projects/projects.js,63,js,00000000,Not Committed Yet,2026-05-07,16:27:20,-07:00,2026-05-07T16:27:20-07:00,5,53
projects/projects.js,64,js,00000000,Not Committed Yet,2026-05-07,16:27:20,-07:00,2026-05-07T16:27:20-07:00,4,6
projects/projects.js,65,js,00000000,Not Committed Yet,2026-05-07,16:27:20,-07:00,2026-05-07T16:27:20-07:00,5,45
projects/projects.js,66,js,00000000,Not Committed Yet,2026-05-07,16:27:20,-07:00,2026-05-07T16:27:20-07:00,5,13
projects/projects.js,67,js,00000000,Not Committed Yet,2026-05-07,16:27:20,-07:00,2026-05-07T16:27:20-07:00,6,51
projects/projects.js,68,js,00000000,Not Committed Yet,2026-05-07,16:27:20,-07:00,2026-05-07T16:27:20-07:00,6,16
projects/projects.js,69,js,00000000,Not Committed Yet,2026-05-07,16:27:20,-07:00,2026-05-07T16:27:20-07:00,6,3
projects/projects.js,70,js,00000000,Not Committed Yet,2026-05-07,16:27:20,-07:00,2026-05-07T16:27:20-07:00,5,0
projects/projects.js,71,js,00000000,Not Committed Yet,2026-05-07,16:27:20,-07:00,2026-05-07T16:27:20-07:00,4,0
projects/projects.js,72,js,00000000,Not Committed Yet,2026-05-07,16:27:20,-07:00,2026-05-07T16:27:20-07:00,3,1
projects/projects.js,73,js,00000000,Not Committed Yet,2026-05-07,16:27:20,-07:00,2026-05-07T16:27:20-07:00,1,1
projects/projects.js,74,js,00000000,Not Committed Yet,2026-05-07,16:27:20,-07:00,2026-05-07T16:27:20-07:00,0,0
projects/projects.js,75,js,00000000,Not Committed Yet,2026-05-07,16:27:20,-07:00,2026-05-07T16:27:20-07:00,1,24
projects/projects.js,76,js,00000000,Not Committed Yet,2026-05-07,16:27:20,-07:00,2026-05-07T16:27:20-07:00,2,4
projects/projects.js,77,js,00000000,Not Committed Yet,2026-05-07,16:27:20,-07:00,2026-05-07T16:27:20-07:00,3,11
projects/projects.js,78,js,00000000,Not Committed Yet,2026-05-07,16:27:20,-07:00,2026-05-07T16:27:20-07:00,3,27
projects/projects.js,79,js,00000000,Not Committed Yet,2026-05-07,16:27:20,-07:00,2026-05-07T16:27:20-07:00,3,38
projects/projects.js,80,js,00000000,Not Committed Yet,2026-05-07,16:27:20,-07:00,2026-05-07T16:27:20-07:00,3,69
projects/projects.js,81,js,00000000,Not Committed Yet,2026-05-07,16:27:20,-07:00,2026-05-07T16:27:20-07:00,1,1
projects/projects.js,82,js,00000000,Not Committed Yet,2026-05-07,16:27:20,-07:00,2026-05-07T16:27:20-07:00,0,0
projects/projects.js,83,js,00000000,Not Committed Yet,2026-05-07,16:27:20,-07:00,2026-05-07T16:27:20-07:00,0,0
projects/projects.js,84,js,00000000,Not Committed Yet,2026-05-07,16:27:20,-07:00,2026-05-07T16:27:20-07:00,0,23
projects/projects.js,85,js,00000000,Not Committed Yet,2026-05-07,16:27:20,-07:00,2026-05-07T16:27:20-07:00,0,48
projects/projects.js,86,js,00000000,Not Committed Yet,2026-05-07,16:27:20,-07:00,2026-05-07T16:27:20-07:00,0,0
projects/projects.js,87,js,00000000,Not Committed Yet,2026-05-07,16:27:20,-07:00,2026-05-07T16:27:20-07:00,0,55
projects/projects.js,88,js,00000000,Not Committed Yet,2026-05-07,16:27:20,-07:00,2026-05-07T16:27:20-07:00,0,48
projects/projects.js,89,js,00000000,Not Committed Yet,2026-05-07,16:27:20,-07:00,2026-05-07T16:27:20-07:00,1,39
projects/projects.js,90,js,00000000,Not Committed Yet,2026-05-07,16:27:20,-07:00,2026-05-07T16:27:20-07:00,0,0
projects/projects.js,91,js,00000000,Not Committed Yet,2026-05-07,16:27:20,-07:00,2026-05-07T16:27:20-07:00,1,53
projects/projects.js,92,js,00000000,Not Committed Yet,2026-05-07,16:27:20,-07:00,2026-05-07T16:27:20-07:00,2,61
projects/projects.js,93,js,00000000,Not Committed Yet,2026-05-07,16:27:20,-07:00,2026-05-07T16:27:20-07:00,2,28
projects/projects.js,94,js,00000000,Not Committed Yet,2026-05-07,16:27:20,-07:00,2026-05-07T16:27:20-07:00,1,1
projects/projects.js,95,js,00000000,Not Committed Yet,2026-05-07,16:27:20,-07:00,2026-05-07T16:27:20-07:00,0,0
projects/projects.js,96,js,00000000,Not Committed Yet,2026-05-07,16:27:20,-07:00,2026-05-07T16:27:20-07:00,1,56
projects/projects.js,97,js,00000000,Not Committed Yet,2026-05-07,16:27:20,-07:00,2026-05-07T16:27:20-07:00,1,31
projects/projects.js,98,js,00000000,Not Committed Yet,2026-05-07,16:27:20,-07:00,2026-05-07T16:27:20-07:00,0,1
projects/index.html,1,html,8ebd9a2f,tanvi,2026-04-03,18:10:54,-07:00,2026-04-03T18:10:54-07:00,0,13
projects/index.html,2,html,8ebd9a2f,tanvi,2026-04-03,18:10:54,-07:00,2026-04-03T18:10:54-07:00,0,14
projects/index.html,3,html,8ebd9a2f,tanvi,2026-04-03,18:10:54,-07:00,2026-04-03T18:10:54-07:00,0,4
projects/index.html,4,html,8ebd9a2f,tanvi,2026-04-03,18:10:54,-07:00,2026-04-03T18:10:54-07:00,2,20
projects/index.html,5,html,8ebd9a2f,tanvi,2026-04-03,18:10:54,-07:00,2026-04-03T18:10:54-07:00,2,68
projects/index.html,6,html,8ebd9a2f,tanvi,2026-04-03,18:10:54,-07:00,2026-04-03T18:10:54-07:00,2,21
projects/index.html,7,html,d0fccb98,tanvi,2026-04-03,19:24:36,-07:00,2026-04-03T19:24:36-07:00,2,41
projects/index.html,8,html,6c226b4b,tanvi,2026-04-25,20:25:16,-07:00,2026-04-25T20:25:16-07:00,2,48
projects/index.html,9,html,6c226b4b,tanvi,2026-04-25,20:25:16,-07:00,2026-04-25T20:25:16-07:00,2,47
projects/index.html,10,html,8ebd9a2f,tanvi,2026-04-03,18:10:54,-07:00,2026-04-03T18:10:54-07:00,0,5
projects/index.html,11,html,8ebd9a2f,tanvi,2026-04-03,18:10:54,-07:00,2026-04-03T18:10:54-07:00,0,4
projects/index.html,12,html,d0fccb98,tanvi,2026-04-03,19:24:36,-07:00,2026-04-03T19:24:36-07:00,0,0
projects/index.html,13,html,6c226b4b,tanvi,2026-04-25,20:25:16,-07:00,2026-04-25T20:25:16-07:00,2,41
projects/index.html,14,html,00000000,Not Committed Yet,2026-05-07,16:27:20,-07:00,2026-05-07T16:27:20-07:00,2,25
projects/index.html,15,html,00000000,Not Committed Yet,2026-05-07,16:27:20,-07:00,2026-05-07T16:27:20-07:00,3,58
projects/index.html,16,html,00000000,Not Committed Yet,2026-05-07,16:27:20,-07:00,2026-05-07T16:27:20-07:00,3,22
projects/index.html,17,html,00000000,Not Committed Yet,2026-05-07,16:27:20,-07:00,2026-05-07T16:27:20-07:00,2,4
projects/index.html,18,html,00000000,Not Committed Yet,2026-05-07,16:27:20,-07:00,2026-05-07T16:27:20-07:00,2,102
projects/index.html,19,html,77454cfd,tanvi,2026-04-10,15:00:12,-07:00,2026-04-10T15:00:12-07:00,2,20
projects/index.html,20,html,77454cfd,tanvi,2026-04-10,15:00:12,-07:00,2026-04-10T15:00:12-07:00,2,4
projects/index.html,21,html,8ebd9a2f,tanvi,2026-04-03,18:10:54,-07:00,2026-04-03T18:10:54-07:00,0,5
projects/index.html,22,html,b760158f,tanvi,2026-04-13,13:51:14,-07:00,2026-04-13T13:51:14-07:00,0,5
contact/index.html,1,html,8ebd9a2f,tanvi,2026-04-03,18:10:54,-07:00,2026-04-03T18:10:54-07:00,0,13
contact/index.html,2,html,8ebd9a2f,tanvi,2026-04-03,18:10:54,-07:00,2026-04-03T18:10:54-07:00,0,14
contact/index.html,3,html,8ebd9a2f,tanvi,2026-04-03,18:10:54,-07:00,2026-04-03T18:10:54-07:00,0,4
contact/index.html,4,html,8ebd9a2f,tanvi,2026-04-03,18:10:54,-07:00,2026-04-03T18:10:54-07:00,2,20
contact/index.html,5,html,8ebd9a2f,tanvi,2026-04-03,18:10:54,-07:00,2026-04-03T18:10:54-07:00,2,68
contact/index.html,6,html,0eaf663e,tanvi,2026-04-03,19:34:20,-07:00,2026-04-03T19:34:20-07:00,2,41
contact/index.html,7,html,acab6623,tanvi,2026-04-25,20:56:40,-07:00,2026-04-25T20:56:40-07:00,2,48
contact/index.html,8,html,8ebd9a2f,tanvi,2026-04-03,18:10:54,-07:00,2026-04-03T18:10:54-07:00,2,23
contact/index.html,9,html,8ebd9a2f,tanvi,2026-04-03,18:10:54,-07:00,2026-04-03T18:10:54-07:00,0,5
contact/index.html,10,html,8ebd9a2f,tanvi,2026-04-03,18:10:54,-07:00,2026-04-03T18:10:54-07:00,0,4
contact/index.html,11,html,5bab339f,tanvi,2026-04-03,18:19:32,-07:00,2026-04-03T18:19:32-07:00,0,0
contact/index.html,12,html,5bab339f,tanvi,2026-04-03,18:19:32,-07:00,2026-04-03T18:19:32-07:00,2,17
contact/index.html,13,html,fd294b37,tanvi,2026-04-16,17:12:50,-07:00,2026-04-16T17:12:50-07:00,2,51
contact/index.html,14,html,0eaf663e,tanvi,2026-04-03,19:34:20,-07:00,2026-04-03T19:34:20-07:00,4,13
contact/index.html,15,html,0eaf663e,tanvi,2026-04-03,19:34:20,-07:00,2026-04-03T19:34:20-07:00,6,20
contact/index.html,16,html,77454cfd,tanvi,2026-04-10,15:00:12,-07:00,2026-04-10T15:00:12-07:00,4,6
contact/index.html,17,html,0eaf663e,tanvi,2026-04-03,19:34:20,-07:00,2026-04-03T19:34:20-07:00,4,13
contact/index.html,18,html,0eaf663e,tanvi,2026-04-03,19:34:20,-07:00,2026-04-03T19:34:20-07:00,6,50
contact/index.html,19,html,77454cfd,tanvi,2026-04-10,15:00:12,-07:00,2026-04-10T15:00:12-07:00,4,6
contact/index.html,20,html,0eaf663e,tanvi,2026-04-03,19:34:20,-07:00,2026-04-03T19:34:20-07:00,4,19
contact/index.html,21,html,d0fccb98,tanvi,2026-04-03,19:24:36,-07:00,2026-04-03T19:24:36-07:00,2,5
contact/index.html,22,html,8ebd9a2f,tanvi,2026-04-03,18:10:54,-07:00,2026-04-03T18:10:54-07:00,0,5
contact/index.html,23,html,b760158f,tanvi,2026-04-13,13:51:14,-07:00,2026-04-13T13:51:14-07:00,0,5
